Title,Date,Author

Tần suất "đi nặng" như thế nào là bình thường và dấu hiệu cảnh báo ung thư?,Thứ Ba, ngày 11/10/2022 08:30 AM (GMT+7),Theo Tú Oanh (Theo The Sun) (Tiền Phong)

Sốt ngày thứ 3 kèm đau cơ, người đàn ông Hà Nội bị suy đa tạng,Thứ Ba, ngày 11/10/2022 01:00 AM (GMT+7),Theo HÀ ANH (Nông thôn Việt)

5 hậu quả nghiêm trọng của thấp còi, muốn con tăng chiều cao tốt cần áp dụng đúng điều này!,Thứ Ba, ngày 11/10/2022 06:00 AM (GMT+7),(Arttimes).

Dùng ánh sáng diệt gọn mầm bệnh chết chóc hơn COVID-19,Thứ Hai, ngày 10/10/2022 21:10 PM (GMT+7),Theo Thu Anh (Người lao động)

Những câu hỏi chẳng giống ai nhưng khó mở lời về ‘cậu nhỏ’,Thứ Hai, ngày 10/10/2022 19:00 PM (GMT+7),Theo Tú Oanh (Theo The Sun) (Tiền Phong)

Vì sao hai vợ chồng ly hôn vì vô sinh nhưng tìm bến đỗ mới lại có con ngay?,Thứ Hai, ngày 10/10/2022 16:00 PM (GMT+7),Theo HÀ ANH (Nông thôn Việt)

Chiếc máy thở đầu tiên của thế giới có hình dạng như thế nào?,Thứ Hai, ngày 10/10/2022 14:00 PM (GMT+7),Theo DH (Sức khỏe đời sống)

Người phụ nữ bị dị ứng tinh dịch, chồng cứ xuất tinh là vợ ngứa điên đảo,Thứ Hai, ngày 10/10/2022 12:00 PM (GMT+7),Theo DIỆU THU (Người đưa tin)

